[PATH]/Chihuahua/n02085620_7.jpg,Chihuahua
[PATH]/Chihuahua/n02085620_199.jpg,Chihuahua
[PATH]/Chihuahua/n02085620_242.jpg,Chihuahua
[PATH]/Chihuahua/n02085620_275.jpg,Chihuahua
[PATH]/Chihuahua/n02085620_326.jpg,Chihuahua
[PATH]/Chihuahua/n02085620_368.jpg,Chihuahua
[PATH]/Chihuahua/n02085620_382.jpg,Chihuahua
[PATH]/Chihuahua/n02085620_431.jpg,Chihuahua
[PATH]/Chihuahua/n02085620_473.jpg,Chihuahua
[PATH]/Chihuahua/n02085620_477.jpg,Chihuahua
[PATH]/Chihuahua/n02085620_500.jpg,Chihuahua
[PATH]/Chihuahua/n02085620_574.jpg,Chihuahua
[PATH]/Chihuahua/n02085620_575.jpg,Chihuahua
[PATH]/Chihuahua/n02085620_588.jpg,Chihuahua
[PATH]/Chihuahua/n02085620_712.jpg,Chihuahua
[PATH]/Chihuahua/n02085620_730.jpg,Chihuahua
[PATH]/Chihuahua/n02085620_735.jpg,Chihuahua
[PATH]/Chihuahua/n02085620_806.jpg,Chihuahua
[PATH]/Chihuahua/n02085620_949.jpg,Chihuahua
[PATH]/Chihuahua/n02085620_952.jpg,Chihuahua
[PATH]/Chihuahua/n02085620_1073.jpg,Chihuahua
[PATH]/Chihuahua/n02085620_1152.jpg,Chihuahua
[PATH]/Chihuahua/n02085620_1205.jpg,Chihuahua
[PATH]/Chihuahua/n02085620_1235.jpg,Chihuahua
[PATH]/Chihuahua/n02085620_1271.jpg,Chihuahua
[PATH]/Afghan_Hound/n02088094_26.jpg,Afghan_Hound
[PATH]/Afghan_Hound/n02088094_60.jpg,Afghan_Hound
[PATH]/Afghan_Hound/n02088094_93.jpg,Afghan_Hound
[PATH]/Afghan_Hound/n02088094_115.jpg,Afghan_Hound
[PATH]/Afghan_Hound/n02088094_173.jpg,Afghan_Hound
[PATH]/Afghan_Hound/n02088094_185.jpg,Afghan_Hound
[PATH]/Afghan_Hound/n02088094_227.jpg,Afghan_Hound
[PATH]/Afghan_Hound/n02088094_231.jpg,Afghan_Hound
[PATH]/Afghan_Hound/n02088094_251.jpg,Afghan_Hound
[PATH]/Afghan_Hound/n02088094_266.jpg,Afghan_Hound
[PATH]/Afghan_Hound/n02088094_272.jpg,Afghan_Hound
[PATH]/Afghan_Hound/n02088094_294.jpg,Afghan_Hound
[PATH]/Afghan_Hound/n02088094_305.jpg,Afghan_Hound
[PATH]/Afghan_Hound/n02088094_342.jpg,Afghan_Hound
[PATH]/Afghan_Hound/n02088094_357.jpg,Afghan_Hound
[PATH]/Afghan_Hound/n02088094_392.jpg,Afghan_Hound
[PATH]/Afghan_Hound/n02088094_472.jpg,Afghan_Hound
[PATH]/Afghan_Hound/n02088094_482.jpg,Afghan_Hound
[PATH]/Afghan_Hound/n02088094_515.jpg,Afghan_Hound
[PATH]/Afghan_Hound/n02088094_522.jpg,Afghan_Hound
[PATH]/Afghan_Hound/n02088094_537.jpg,Afghan_Hound
[PATH]/Afghan_Hound/n02088094_649.jpg,Afghan_Hound
[PATH]/Afghan_Hound/n02088094_688.jpg,Afghan_Hound
[PATH]/Afghan_Hound/n02088094_713.jpg,Afghan_Hound
[PATH]/Afghan_Hound/n02088094_732.jpg,Afghan_Hound
[PATH]/Labrador_Retriever/n02099712_57.jpg,Labrador_Retriever
[PATH]/Labrador_Retriever/n02099712_129.jpg,Labrador_Retriever
[PATH]/Labrador_Retriever/n02099712_209.jpg,Labrador_Retriever
[PATH]/Labrador_Retriever/n02099712_221.jpg,Labrador_Retriever
[PATH]/Labrador_Retriever/n02099712_311.jpg,Labrador_Retriever
[PATH]/Labrador_Retriever/n02099712_328.jpg,Labrador_Retriever
[PATH]/Labrador_Retriever/n02099712_357.jpg,Labrador_Retriever
[PATH]/Labrador_Retriever/n02099712_365.jpg,Labrador_Retriever
[PATH]/Labrador_Retriever/n02099712_384.jpg,Labrador_Retriever
[PATH]/Labrador_Retriever/n02099712_389.jpg,Labrador_Retriever
[PATH]/Labrador_Retriever/n02099712_475.jpg,Labrador_Retriever
[PATH]/Labrador_Retriever/n02099712_490.jpg,Labrador_Retriever
[PATH]/Labrador_Retriever/n02099712_511.jpg,Labrador_Retriever
[PATH]/Labrador_Retriever/n02099712_607.jpg,Labrador_Retriever
[PATH]/Labrador_Retriever/n02099712_610.jpg,Labrador_Retriever
[PATH]/Labrador_Retriever/n02099712_619.jpg,Labrador_Retriever
[PATH]/Labrador_Retriever/n02099712_719.jpg,Labrador_Retriever
[PATH]/Labrador_Retriever/n02099712_788.jpg,Labrador_Retriever
[PATH]/Labrador_Retriever/n02099712_854.jpg,Labrador_Retriever
[PATH]/Labrador_Retriever/n02099712_980.jpg,Labrador_Retriever
[PATH]/Labrador_Retriever/n02099712_1150.jpg,Labrador_Retriever
[PATH]/Labrador_Retriever/n02099712_1200.jpg,Labrador_Retriever
[PATH]/Labrador_Retriever/n02099712_1229.jpg,Labrador_Retriever
[PATH]/Labrador_Retriever/n02099712_1254.jpg,Labrador_Retriever
[PATH]/Labrador_Retriever/n02099712_1383.jpg,Labrador_Retriever
[PATH]/Golden_Retriever/n02099601_5.jpg,Golden_Retriever
[PATH]/Golden_Retriever/n02099601_10.jpg,Golden_Retriever
[PATH]/Golden_Retriever/n02099601_14.jpg,Golden_Retriever
[PATH]/Golden_Retriever/n02099601_67.jpg,Golden_Retriever
[PATH]/Golden_Retriever/n02099601_70.jpg,Golden_Retriever
[PATH]/Golden_Retriever/n02099601_78.jpg,Golden_Retriever
[PATH]/Golden_Retriever/n02099601_100.jpg,Golden_Retriever
[PATH]/Golden_Retriever/n02099601_109.jpg,Golden_Retriever
[PATH]/Golden_Retriever/n02099601_118.jpg,Golden_Retriever
[PATH]/Golden_Retriever/n02099601_124.jpg,Golden_Retriever
[PATH]/Golden_Retriever/n02099601_142.jpg,Golden_Retriever
[PATH]/Golden_Retriever/n02099601_146.jpg,Golden_Retriever
[PATH]/Golden_Retriever/n02099601_176.jpg,Golden_Retriever
[PATH]/Golden_Retriever/n02099601_215.jpg,Golden_Retriever
[PATH]/Golden_Retriever/n02099601_238.jpg,Golden_Retriever
[PATH]/Golden_Retriever/n02099601_280.jpg,Golden_Retriever
[PATH]/Golden_Retriever/n02099601_281.jpg,Golden_Retriever
[PATH]/Golden_Retriever/n02099601_286.jpg,Golden_Retriever
[PATH]/Golden_Retriever/n02099601_304.jpg,Golden_Retriever
[PATH]/Golden_Retriever/n02099601_308.jpg,Golden_Retriever
[PATH]/Golden_Retriever/n02099601_342.jpg,Golden_Retriever
[PATH]/Golden_Retriever/n02099601_345.jpg,Golden_Retriever
[PATH]/Golden_Retriever/n02099601_447.jpg,Golden_Retriever
[PATH]/Golden_Retriever/n02099601_473.jpg,Golden_Retriever
[PATH]/Golden_Retriever/n02099601_544.jpg,Golden_Retriever