[PATH]/Afghan_Hound/n02088094_26.jpg,Afghan_Hound
[PATH]/Afghan_Hound/n02088094_60.jpg,Afghan_Hound
[PATH]/Afghan_Hound/n02088094_93.jpg,Afghan_Hound
[PATH]/Afghan_Hound/n02088094_115.jpg,Afghan_Hound
[PATH]/Afghan_Hound/n02088094_173.jpg,Afghan_Hound
[PATH]/Afghan_Hound/n02088094_185.jpg,Afghan_Hound
[PATH]/Afghan_Hound/n02088094_227.jpg,Afghan_Hound
[PATH]/Afghan_Hound/n02088094_231.jpg,Afghan_Hound
[PATH]/Afghan_Hound/n02088094_251.jpg,Afghan_Hound
[PATH]/Afghan_Hound/n02088094_266.jpg,Afghan_Hound
[PATH]/Afghan_Hound/n02088094_272.jpg,Afghan_Hound
[PATH]/Afghan_Hound/n02088094_294.jpg,Afghan_Hound
[PATH]/Afghan_Hound/n02088094_305.jpg,Afghan_Hound
[PATH]/Afghan_Hound/n02088094_342.jpg,Afghan_Hound
[PATH]/Afghan_Hound/n02088094_357.jpg,Afghan_Hound
[PATH]/Afghan_Hound/n02088094_392.jpg,Afghan_Hound
[PATH]/Afghan_Hound/n02088094_472.jpg,Afghan_Hound
[PATH]/Afghan_Hound/n02088094_482.jpg,Afghan_Hound
[PATH]/Afghan_Hound/n02088094_515.jpg,Afghan_Hound
[PATH]/Afghan_Hound/n02088094_522.jpg,Afghan_Hound
[PATH]/Afghan_Hound/n02088094_537.jpg,Afghan_Hound
[PATH]/Afghan_Hound/n02088094_649.jpg,Afghan_Hound
[PATH]/Afghan_Hound/n02088094_688.jpg,Afghan_Hound
[PATH]/Afghan_Hound/n02088094_713.jpg,Afghan_Hound
[PATH]/Afghan_Hound/n02088094_732.jpg,Afghan_Hound
[PATH]/Boston_Bulldog/n02096585_19.jpg,Boston_Bulldog
[PATH]/Boston_Bulldog/n02096585_32.jpg,Boston_Bulldog
[PATH]/Boston_Bulldog/n02096585_145.jpg,Boston_Bulldog
[PATH]/Boston_Bulldog/n02096585_169.jpg,Boston_Bulldog
[PATH]/Boston_Bulldog/n02096585_210.jpg,Boston_Bulldog
[PATH]/Boston_Bulldog/n02096585_237.jpg,Boston_Bulldog
[PATH]/Boston_Bulldog/n02096585_296.jpg,Boston_Bulldog
[PATH]/Boston_Bulldog/n02096585_311.jpg,Boston_Bulldog
[PATH]/Boston_Bulldog/n02096585_318.jpg,Boston_Bulldog
[PATH]/Boston_Bulldog/n02096585_341.jpg,Boston_Bulldog
[PATH]/Boston_Bulldog/n02096585_342.jpg,Boston_Bulldog
[PATH]/Boston_Bulldog/n02096585_353.jpg,Boston_Bulldog
[PATH]/Boston_Bulldog/n02096585_414.jpg,Boston_Bulldog
[PATH]/Boston_Bulldog/n02096585_454.jpg,Boston_Bulldog
[PATH]/Boston_Bulldog/n02096585_507.jpg,Boston_Bulldog
[PATH]/Boston_Bulldog/n02096585_554.jpg,Boston_Bulldog
[PATH]/Boston_Bulldog/n02096585_657.jpg,Boston_Bulldog
[PATH]/Boston_Bulldog/n02096585_664.jpg,Boston_Bulldog
[PATH]/Boston_Bulldog/n02096585_670.jpg,Boston_Bulldog
[PATH]/Boston_Bulldog/n02096585_772.jpg,Boston_Bulldog
[PATH]/Boston_Bulldog/n02096585_865.jpg,Boston_Bulldog
[PATH]/Boston_Bulldog/n02096585_904.jpg,Boston_Bulldog
[PATH]/Boston_Bulldog/n02096585_942.jpg,Boston_Bulldog
[PATH]/Boston_Bulldog/n02096585_956.jpg,Boston_Bulldog
[PATH]/Boston_Bulldog/n02096585_976.jpg,Boston_Bulldog
[PATH]/Chihuahua/n02085620_7.jpg,Chihuahua
[PATH]/Chihuahua/n02085620_199.jpg,Chihuahua
[PATH]/Chihuahua/n02085620_242.jpg,Chihuahua
[PATH]/Chihuahua/n02085620_275.jpg,Chihuahua
[PATH]/Chihuahua/n02085620_326.jpg,Chihuahua
[PATH]/Chihuahua/n02085620_368.jpg,Chihuahua
[PATH]/Chihuahua/n02085620_382.jpg,Chihuahua
[PATH]/Chihuahua/n02085620_431.jpg,Chihuahua
[PATH]/Chihuahua/n02085620_473.jpg,Chihuahua
[PATH]/Chihuahua/n02085620_477.jpg,Chihuahua
[PATH]/Chihuahua/n02085620_500.jpg,Chihuahua
[PATH]/Chihuahua/n02085620_574.jpg,Chihuahua
[PATH]/Chihuahua/n02085620_575.jpg,Chihuahua
[PATH]/Chihuahua/n02085620_588.jpg,Chihuahua
[PATH]/Chihuahua/n02085620_712.jpg,Chihuahua
[PATH]/Chihuahua/n02085620_730.jpg,Chihuahua
[PATH]/Chihuahua/n02085620_735.jpg,Chihuahua
[PATH]/Chihuahua/n02085620_806.jpg,Chihuahua
[PATH]/Chihuahua/n02085620_949.jpg,Chihuahua
[PATH]/Chihuahua/n02085620_952.jpg,Chihuahua
[PATH]/Chihuahua/n02085620_1073.jpg,Chihuahua
[PATH]/Chihuahua/n02085620_1152.jpg,Chihuahua
[PATH]/Chihuahua/n02085620_1205.jpg,Chihuahua
[PATH]/Chihuahua/n02085620_1235.jpg,Chihuahua
[PATH]/Chihuahua/n02085620_1271.jpg,Chihuahua
[PATH]/Golden_Retriever/n02099601_5.jpg,Golden_Retriever
[PATH]/Golden_Retriever/n02099601_10.jpg,Golden_Retriever
[PATH]/Golden_Retriever/n02099601_14.jpg,Golden_Retriever
[PATH]/Golden_Retriever/n02099601_67.jpg,Golden_Retriever
[PATH]/Golden_Retriever/n02099601_70.jpg,Golden_Retriever
[PATH]/Golden_Retriever/n02099601_78.jpg,Golden_Retriever
[PATH]/Golden_Retriever/n02099601_100.jpg,Golden_Retriever
[PATH]/Golden_Retriever/n02099601_109.jpg,Golden_Retriever
[PATH]/Golden_Retriever/n02099601_118.jpg,Golden_Retriever
[PATH]/Golden_Retriever/n02099601_124.jpg,Golden_Retriever
[PATH]/Golden_Retriever/n02099601_142.jpg,Golden_Retriever
[PATH]/Golden_Retriever/n02099601_146.jpg,Golden_Retriever
[PATH]/Golden_Retriever/n02099601_176.jpg,Golden_Retriever
[PATH]/Golden_Retriever/n02099601_215.jpg,Golden_Retriever
[PATH]/Golden_Retriever/n02099601_238.jpg,Golden_Retriever
[PATH]/Golden_Retriever/n02099601_280.jpg,Golden_Retriever
[PATH]/Golden_Retriever/n02099601_281.jpg,Golden_Retriever
[PATH]/Golden_Retriever/n02099601_286.jpg,Golden_Retriever
[PATH]/Golden_Retriever/n02099601_304.jpg,Golden_Retriever
[PATH]/Golden_Retriever/n02099601_308.jpg,Golden_Retriever
[PATH]/Golden_Retriever/n02099601_342.jpg,Golden_Retriever
[PATH]/Golden_Retriever/n02099601_345.jpg,Golden_Retriever
[PATH]/Golden_Retriever/n02099601_447.jpg,Golden_Retriever
[PATH]/Golden_Retriever/n02099601_473.jpg,Golden_Retriever
[PATH]/Golden_Retriever/n02099601_544.jpg,Golden_Retriever